--
-- PostgreSQL database dump
--

-- Dumped from database version 12.17 (Ubuntu 12.17-1.pgdg22.04+1)
-- Dumped by pg_dump version 12.17 (Ubuntu 12.17-1.pgdg22.04+1)

SET statement_timeout = 0;
SET lock_timeout = 0;
SET idle_in_transaction_session_timeout = 0;
SET client_encoding = 'UTF8';
SET standard_conforming_strings = on;
SELECT pg_catalog.set_config('search_path', '', false);
SET check_function_bodies = false;
SET xmloption = content;
SET client_min_messages = warning;
SET row_security = off;

DROP DATABASE universe;
--
-- Name: universe; Type: DATABASE; Schema: -; Owner: freecodecamp
--
camper: /project$ more universe.sql 
--
-- PostgreSQL database dump
--

-- Dumped from database version 12.17 (Ubuntu 12.17-1.pgdg22.04+1)
-- Dumped by pg_dump version 12.17 (Ubuntu 12.17-1.pgdg22.04+1)

SET statement_timeout = 0;
SET lock_timeout = 0;
SET idle_in_transaction_session_timeout = 0;
SET client_encoding = 'UTF8';
SET standard_conforming_strings = on;
SELECT pg_catalog.set_config('search_path', '', false);
SET check_function_bodies = false;
SET xmloption = content;
SET client_min_messages = warning;
SET row_security = off;

DROP DATABASE universe;
--
-- Name: universe; Type: DATABASE; Schema: -; Owner: freecodecamp
--

CREATE DATABASE universe WITH TEMPLATE = template0 ENCODING = 'UTF8' LC_COLLATE = 'C.UTF-8' LC_CTYPE = 'C.UTF-8';


ALTER DATABASE universe OWNER TO freecodecamp;

\connect universe

SET statement_timeout = 0;
SET lock_timeout = 0;
SET idle_in_transaction_session_timeout = 0;
SET client_encoding = 'UTF8';
SET standard_conforming_strings = on;
SELECT pg_catalog.set_config('search_path', '', false);
SET check_function_bodies = false;
SET xmloption = content;
SET client_min_messages = warning;
SET row_security = off;

SET default_tablespace = '';

SET default_table_access_method = heap;

--
-- Name: comet; Type: TABLE; Schema: public; Owner: freecodecamp
--

CREATE TABLE public.comet (
    comet_id integer NOT NULL,
    name character varying(30) NOT NULL,
    description text
);


ALTER TABLE public.comet OWNER TO freecodecamp;

--
-- Name: comet_comet_id_seq; Type: SEQUENCE; Schema: public; Owner: freecodecamp
--

CREATE SEQUENCE public.comet_comet_id_seq
    AS integer
    START WITH 1
    INCREMENT BY 1
    NO MINVALUE
    NO MAXVALUE
    CACHE 1;


ALTER TABLE public.comet_comet_id_seq OWNER TO freecodecamp;

--
-- Name: comet_comet_id_seq; Type: SEQUENCE OWNED BY; Schema: public; Owner: freecodecamp
--

ALTER SEQUENCE public.comet_comet_id_seq OWNED BY public.comet.comet_id;


--
-- Name: galaxy; Type: TABLE; Schema: public; Owner: freecodecamp
--

CREATE TABLE public.galaxy (
    galaxy_id integer NOT NULL,
    name character varying(30) NOT NULL,
    age_in_millions_of_years integer,
    galaxy_types integer,
    distance_from_earth numeric,
    description text,
    has_life boolean,
    is_spherical boolean
);


ALTER TABLE public.galaxy OWNER TO freecodecamp;

--
-- Name: galaxy_galaxy_id_seq; Type: SEQUENCE; Schema: public; Owner: freecodecamp
--

CREATE SEQUENCE public.galaxy_galaxy_id_seq
    AS integer
    START WITH 1
    INCREMENT BY 1
    NO MINVALUE
    NO MAXVALUE
    CACHE 1;


ALTER TABLE public.galaxy_galaxy_id_seq OWNER TO freecodecamp;

--
-- Name: galaxy_galaxy_id_seq; Type: SEQUENCE OWNED BY; Schema: public; Owner: freecodecamp
--

ALTER SEQUENCE public.galaxy_galaxy_id_seq OWNED BY public.galaxy.galaxy_id;


--
-- Name: moon; Type: TABLE; Schema: public; Owner: freecodecamp
--

CREATE TABLE public.moon (
    moon_id integer NOT NULL,
    name character varying(30) NOT NULL,
    age_in_millions_of_years integer,
    moon_types integer,
    distance_from_earth numeric,
    description text,
    has_life boolean,
    is_spherical boolean,
    planet_id integer
);


ALTER TABLE public.moon OWNER TO freecodecamp;

--
-- Name: moon_moon_id_seq; Type: SEQUENCE; Schema: public; Owner: freecodecamp
--

CREATE SEQUENCE public.moon_moon_id_seq
    AS integer
    START WITH 1
    INCREMENT BY 1
    NO MINVALUE
    NO MAXVALUE
    CACHE 1;


ALTER TABLE public.moon_moon_id_seq OWNER TO freecodecamp;

--
-- Name: moon_moon_id_seq; Type: SEQUENCE OWNED BY; Schema: public; Owner: freecodecamp
--

ALTER SEQUENCE public.moon_moon_id_seq OWNED BY public.moon.moon_id;


--
-- Name: planet; Type: TABLE; Schema: public; Owner: freecodecamp
--

CREATE TABLE public.planet (
    planet_id integer NOT NULL,
    name character varying(30) NOT NULL,
    age_in_millions_of_years integer,
    planet_types integer,
    distance_from_earth numeric,
    description text,
    has_life boolean,
    is_spherical boolean,
    star_id integer
);


ALTER TABLE public.planet OWNER TO freecodecamp;

--
-- Name: planet_planet_id_seq; Type: SEQUENCE; Schema: public; Owner: freecodecamp
--

CREATE SEQUENCE public.planet_planet_id_seq
    AS integer
    START WITH 1
    INCREMENT BY 1
    NO MINVALUE
    NO MAXVALUE
    CACHE 1;


ALTER TABLE public.planet_planet_id_seq OWNER TO freecodecamp;

--
-- Name: planet_planet_id_seq; Type: SEQUENCE OWNED BY; Schema: public; Owner: freecodecamp
--

ALTER SEQUENCE public.planet_planet_id_seq OWNED BY public.planet.planet_id;


--
-- Name: star; Type: TABLE; Schema: public; Owner: freecodecamp
--

CREATE TABLE public.star (
    star_id integer NOT NULL,
    name character varying(30) NOT NULL,
    age_in_millions_of_years integer,
    star_types integer,
    distance_from_earth numeric,
    description text,
    has_life boolean,
    is_spherical boolean,
    galaxy_id integer
);


ALTER TABLE public.star OWNER TO freecodecamp;

--
-- Name: star_star_id_seq; Type: SEQUENCE; Schema: public; Owner: freecodecamp
--

CREATE SEQUENCE public.star_star_id_seq
    AS integer
    START WITH 1
    INCREMENT BY 1
    NO MINVALUE
    NO MAXVALUE
    CACHE 1;


ALTER TABLE public.star_star_id_seq OWNER TO freecodecamp;

--
-- Name: star_star_id_seq; Type: SEQUENCE OWNED BY; Schema: public; Owner: freecodecamp
--

ALTER SEQUENCE public.star_star_id_seq OWNED BY public.star.star_id;


--
-- Name: comet comet_id; Type: DEFAULT; Schema: public; Owner: freecodecamp
--

ALTER TABLE ONLY public.comet ALTER COLUMN comet_id SET DEFAULT nextval('public.comet_comet_id_seq'::regclass);


--
-- Name: galaxy galaxy_id; Type: DEFAULT; Schema: public; Owner: freecodecamp
--

ALTER TABLE ONLY public.galaxy ALTER COLUMN galaxy_id SET DEFAULT nextval('public.galaxy_galaxy_id_seq'::regclass);


--
-- Name: moon moon_id; Type: DEFAULT; Schema: public; Owner: freecodecamp
--

ALTER TABLE ONLY public.moon ALTER COLUMN moon_id SET DEFAULT nextval('public.moon_moon_id_seq'::regclass);


--
-- Name: planet planet_id; Type: DEFAULT; Schema: public; Owner: freecodecamp
--

ALTER TABLE ONLY public.planet ALTER COLUMN planet_id SET DEFAULT nextval('public.planet_planet_id_seq'::regclass);


--
-- Name: star star_id; Type: DEFAULT; Schema: public; Owner: freecodecamp
--

ALTER TABLE ONLY public.star ALTER COLUMN star_id SET DEFAULT nextval('public.star_star_id_seq'::regclass);


--
-- Data for Name: comet; Type: TABLE DATA; Schema: public; Owner: freecodecamp
--

INSERT INTO public.comet VALUES (1, 'galaxy1', NULL);
INSERT INTO public.comet VALUES (2, 'Milky', NULL);
INSERT INTO public.comet VALUES (3, 'galaxy2', NULL);


--
-- Data for Name: galaxy; Type: TABLE DATA; Schema: public; Owner: freecodecamp
--

INSERT INTO public.galaxy VALUES (1, 'galaxy', NULL, NULL, NULL, NULL, NULL, NULL);
INSERT INTO public.galaxy VALUES (2, 'galaxy1', NULL, NULL, NULL, NULL, NULL, NULL);
INSERT INTO public.galaxy VALUES (3, 'Milky', NULL, NULL, NULL, NULL, NULL, NULL);
INSERT INTO public.galaxy VALUES (4, 'galaxy2', NULL, NULL, NULL, NULL, NULL, NULL);
INSERT INTO public.galaxy VALUES (5, 'Milky2', NULL, NULL, NULL, NULL, NULL, NULL);
INSERT INTO public.galaxy VALUES (6, 'M13', NULL, NULL, NULL, NULL, NULL, NULL);


--
-- Data for Name: moon; Type: TABLE DATA; Schema: public; Owner: freecodecamp
--

INSERT INTO public.moon VALUES (2, 'moon', NULL, NULL, NULL, NULL, NULL, NULL, 2);
INSERT INTO public.moon VALUES (3, 'galaxy1', NULL, NULL, NULL, NULL, NULL, NULL, 2);
INSERT INTO public.moon VALUES (4, 'Milky', NULL, NULL, NULL, NULL, NULL, NULL, 3);
INSERT INTO public.moon VALUES (39, 'galaxy2', NULL, NULL, NULL, NULL, NULL, NULL, 3);
INSERT INTO public.moon VALUES (40, 'Milky2', NULL, NULL, NULL, NULL, NULL, NULL, 4);
INSERT INTO public.moon VALUES (41, '1', NULL, NULL, NULL, NULL, NULL, NULL, 4);
INSERT INTO public.moon VALUES (42, '2', NULL, NULL, NULL, NULL, NULL, NULL, 7);
INSERT INTO public.moon VALUES (43, '8', NULL, NULL, NULL, NULL, NULL, NULL, 7);
INSERT INTO public.moon VALUES (44, '9', NULL, NULL, NULL, NULL, NULL, NULL, 7);
INSERT INTO public.moon VALUES (45, '10', NULL, NULL, NULL, NULL, NULL, NULL, 7);
INSERT INTO public.moon VALUES (46, '11', NULL, NULL, NULL, NULL, NULL, NULL, 7);
INSERT INTO public.moon VALUES (47, '12', NULL, NULL, NULL, NULL, NULL, NULL, 7);
INSERT INTO public.moon VALUES (48, '13', NULL, NULL, NULL, NULL, NULL, NULL, 7);
INSERT INTO public.moon VALUES (49, '14', NULL, NULL, NULL, NULL, NULL, NULL, 7);
INSERT INTO public.moon VALUES (50, '15', NULL, NULL, NULL, NULL, NULL, NULL, 7);
INSERT INTO public.moon VALUES (51, '16', NULL, NULL, NULL, NULL, NULL, NULL, 7);
INSERT INTO public.moon VALUES (52, '17', NULL, NULL, NULL, NULL, NULL, NULL, 7);
INSERT INTO public.moon VALUES (53, '18', NULL, NULL, NULL, NULL, NULL, NULL, 7);
INSERT INTO public.moon VALUES (54, '19', NULL, NULL, NULL, NULL, NULL, NULL, 7);
INSERT INTO public.moon VALUES (55, '20', NULL, NULL, NULL, NULL, NULL, NULL, 7);


--
-- Data for Name: planet; Type: TABLE DATA; Schema: public; Owner: freecodecamp
--

INSERT INTO public.planet VALUES (2, 'earth', NULL, NULL, NULL, NULL, NULL, NULL, 1);
INSERT INTO public.planet VALUES (3, 'galaxy1', NULL, NULL, NULL, NULL, NULL, NULL, 2);
INSERT INTO public.planet VALUES (4, 'Milky', NULL, NULL, NULL, NULL, NULL, NULL, 3);
INSERT INTO public.planet VALUES (7, 'galaxy2', NULL, NULL, NULL, NULL, NULL, NULL, 3);
INSERT INTO public.planet VALUES (8, 'Milky2', NULL, NULL, NULL, NULL, NULL, NULL, 4);
INSERT INTO public.planet VALUES (9, '1', NULL, NULL, NULL, NULL, NULL, NULL, 5);
INSERT INTO public.planet VALUES (10, '2', NULL, NULL, NULL, NULL, NULL, NULL, 6);
INSERT INTO public.planet VALUES (11, '8', NULL, NULL, NULL, NULL, NULL, NULL, 6);
INSERT INTO public.planet VALUES (12, '9', NULL, NULL, NULL, NULL, NULL, NULL, 6);
INSERT INTO public.planet VALUES (13, '10', NULL, NULL, NULL, NULL, NULL, NULL, 6);
INSERT INTO public.planet VALUES (14, '11', NULL, NULL, NULL, NULL, NULL, NULL, 6);
INSERT INTO public.planet VALUES (15, '12', NULL, NULL, NULL, NULL, NULL, NULL, 6);


--
-- Data for Name: star; Type: TABLE DATA; Schema: public; Owner: freecodecamp
--

INSERT INTO public.star VALUES (1, 'sun', NULL, NULL, NULL, NULL, NULL, NULL, 1);
INSERT INTO public.star VALUES (2, 'galaxy1', NULL, NULL, NULL, NULL, NULL, NULL, 2);
INSERT INTO public.star VALUES (3, 'Milky', NULL, NULL, NULL, NULL, NULL, NULL, 3);
INSERT INTO public.star VALUES (4, 'galaxy2', NULL, NULL, NULL, NULL, NULL, NULL, 4);
INSERT INTO public.star VALUES (5, 'Milk2', NULL, NULL, NULL, NULL, NULL, NULL, 5);
INSERT INTO public.star VALUES (6, 'black hole', NULL, NULL, NULL, NULL, NULL, NULL, 6);


--
-- Name: comet_comet_id_seq; Type: SEQUENCE SET; Schema: public; Owner: freecodecamp
--

SELECT pg_catalog.setval('public.comet_comet_id_seq', 3, true);


--
-- Name: galaxy_galaxy_id_seq; Type: SEQUENCE SET; Schema: public; Owner: freecodecamp
--

SELECT pg_catalog.setval('public.galaxy_galaxy_id_seq', 6, true);


--
-- Name: moon_moon_id_seq; Type: SEQUENCE SET; Schema: public; Owner: freecodecamp
--

SELECT pg_catalog.setval('public.moon_moon_id_seq', 55, true);


--
-- Name: planet_planet_id_seq; Type: SEQUENCE SET; Schema: public; Owner: freecodecamp
--

SELECT pg_catalog.setval('public.planet_planet_id_seq', 15, true);


--
-- Name: star_star_id_seq; Type: SEQUENCE SET; Schema: public; Owner: freecodecamp
--

SELECT pg_catalog.setval('public.star_star_id_seq', 6, true);


--
-- Name: comet comet_name; Type: CONSTRAINT; Schema: public; Owner: freecodecamp
--

ALTER TABLE ONLY public.comet
    ADD CONSTRAINT comet_name UNIQUE (name);


--
-- Name: comet comet_pkey; Type: CONSTRAINT; Schema: public; Owner: freecodecamp
--

ALTER TABLE ONLY public.comet
    ADD CONSTRAINT comet_pkey PRIMARY KEY (comet_id);


--
-- Name: galaxy galaxy_pkey; Type: CONSTRAINT; Schema: public; Owner: freecodecamp
--

ALTER TABLE ONLY public.galaxy
    ADD CONSTRAINT galaxy_pkey PRIMARY KEY (galaxy_id);


--
-- Name: moon moon_name; Type: CONSTRAINT; Schema: public; Owner: freecodecamp
--

ALTER TABLE ONLY public.moon
    ADD CONSTRAINT moon_name UNIQUE (name);


--
-- Name: moon moon_pkey; Type: CONSTRAINT; Schema: public; Owner: freecodecamp
--

ALTER TABLE ONLY public.moon
    ADD CONSTRAINT moon_pkey PRIMARY KEY (moon_id);


--
-- Name: galaxy name; Type: CONSTRAINT; Schema: public; Owner: freecodecamp
--

ALTER TABLE ONLY public.galaxy
    ADD CONSTRAINT name UNIQUE (name);


--
-- Name: planet planet_name; Type: CONSTRAINT; Schema: public; Owner: freecodecamp
--

ALTER TABLE ONLY public.planet
    ADD CONSTRAINT planet_name UNIQUE (name);


--
-- Name: planet planet_pkey; Type: CONSTRAINT; Schema: public; Owner: freecodecamp
--

ALTER TABLE ONLY public.planet
    ADD CONSTRAINT planet_pkey PRIMARY KEY (planet_id);


--
-- Name: star star_pkey; Type: CONSTRAINT; Schema: public; Owner: freecodecamp
--

ALTER TABLE ONLY public.star
    ADD CONSTRAINT star_pkey PRIMARY KEY (star_id);


--
-- Name: star unique_name; Type: CONSTRAINT; Schema: public; Owner: freecodecamp
--

ALTER TABLE ONLY public.star
    ADD CONSTRAINT unique_name UNIQUE (name);


--
-- Name: moon moon_planet_id_fkey; Type: FK CONSTRAINT; Schema: public; Owner: freecodecamp
--

ALTER TABLE ONLY public.moon
    ADD CONSTRAINT moon_planet_id_fkey FOREIGN KEY (planet_id) REFERENCES public.planet(planet_id);


--
-- Name: planet planet_star_id_fkey; Type: FK CONSTRAINT; Schema: public; Owner: freecodecamp
--

ALTER TABLE ONLY public.planet
    ADD CONSTRAINT planet_star_id_fkey FOREIGN KEY (star_id) REFERENCES public.star(star_id);


--
-- Name: star star_galaxy_id_fkey; Type: FK CONSTRAINT; Schema: public; Owner: freecodecamp
--

ALTER TABLE ONLY public.star
    ADD CONSTRAINT star_galaxy_id_fkey FOREIGN KEY (galaxy_id) REFERENCES public.galaxy(galaxy_id);


--
-- PostgreSQL database dump complete
--
